Part Code,qty,Part Name,Job Req,
40016313,80000,HBNX30 CONNECTOR CAP (NEW) IM1,MB03-190410008-DH(SM)-SBA1,
40024482,10000,DH3R35A KEY AC1,MB03-190410008-DH(SM)-SBA1,
40020464,3046,DH3N72 HOUSING COVER IM1,MB03-190410008-DH(SM)-SBA1,
40004494,15000,HBIM40 LEFT HAND CONE LOCK NUT AC1,MB03-190410008-DH(SM)-SBA1,
40016312,96000,HBNX30 CONNECTOR CAP COVER (NEW) IM1,MB03-190410008-DH(SM)-SBA1,
40039098,15000,DHC60003RNT AXLE ADAPTOR BK IM1,MB03-190410008-DH(SM)-SBA1,
40015880,6111,DH2N35 SEAL SUPPORT IM1,MB03-190410008-DH(SM)-SBA1,
40021319,1864,DH3N72 BACKING PLATE AC1,MB03-190410008-DH(SM)-SBA1,
40001250,2000,HBM965 DISC-MOUNT COVER AC1,MB03-190410008-DH(SM)-SBA1,
